City_ID,City,Country,Lat,Lng,Max Temp,Humidity,Cloudiness,Wind Speed,Current Description
0,Nishihara,JP,26.1842,127.7558,65.48,77,100,10.36,overcast clouds
1,Nanortalik,GL,60.1432,-45.2371,30.07,80,100,5.7,overcast clouds
2,Qianan,CN,44.9932,124.0581,-8.28,100,38,3.02,scattered clouds
3,Jamestown,US,42.097,-79.2353,51.12,45,100,17.27,overcast clouds
4,Barcelos,PT,41.5388,-8.6151,59.92,88,100,2.77,overcast clouds
5,East London,ZA,-33.0153,27.9116,72.54,88,20,3.44,few clouds
6,Mogotes,CO,6.4756,-72.9705,75.92,54,100,6.2,overcast clouds
7,Uva,RU,56.9908,52.1852,20.46,96,100,4.97,snow
8,Geraldton,AU,-28.7667,114.6,73.13,88,19,6.91,few clouds
9,Ushuaia,AR,-54.8,-68.3,55.06,67,40,26.46,scattered clouds
10,Tommot,RU,58.9564,126.2925,-16.87,100,99,1.32,overcast clouds
11,Port Blair,IN,11.6667,92.75,77.04,83,40,0.0,mist
12,Nabire,ID,-3.3667,135.4833,74.97,94,100,3.47,overcast clouds
13,Chokurdakh,RU,70.6333,147.9167,-5.6,97,100,12.33,overcast clouds
14,Nikolskoye,RU,59.7035,30.7861,28.29,92,39,8.63,scattered clouds
15,Makakilo City,US,21.3469,-158.0858,75.61,78,0,4.61,clear sky
16,Rikitea,PF,-23.1203,-134.9692,79.07,73,8,17.52,clear sky
17,Lompoc,US,34.6391,-120.4579,83.12,42,0,4.61,clear sky
18,Carnarvon,AU,-24.8667,113.6333,80.67,74,75,4.61,broken clouds
19,Bluff,NZ,-46.6,168.3333,51.8,65,25,13.2,scattered clouds
20,Naze,JP,28.3667,129.4833,57.42,66,100,8.08,overcast clouds
21,Shibetsu,JP,43.659,145.132,15.98,88,39,5.61,scattered clouds
22,Mombaca,BR,-5.7431,-39.6275,91.65,35,100,6.78,overcast clouds
23,Srednekolymsk,RU,67.45,153.6833,-38.09,100,31,5.77,scattered clouds
24,Vaini,TO,-21.2,-175.2,78.96,94,40,4.61,scattered clouds
25,Gabu,GW,12.2833,-14.2167,88.99,8,2,6.06,clear sky
26,Mar Del Plata,AR,-38.0023,-57.5575,64.42,73,100,25.32,overcast clouds
27,Banjar,ID,-8.19,114.9675,78.66,94,100,1.81,overcast clouds
28,Lorengau,PG,-2.0226,147.2712,81.64,78,100,10.89,overcast clouds
29,College,US,64.8569,-147.8028,-1.77,75,100,8.05,overcast clouds
30,Lashio,MM,22.9333,97.75,50.2,66,0,1.66,clear sky
31,Hemsedal,NO,60.8629,8.5534,8.78,93,42,6.67,scattered clouds
32,Westport,US,41.1415,-73.3579,58.05,45,2,1.99,clear sky
33,Kodiak,US,57.79,-152.4072,36.91,93,100,6.91,mist
34,Bengkulu,ID,-3.8004,102.2655,74.52,88,100,5.21,overcast clouds
35,Bethel,US,41.3712,-73.414,55.85,40,0,18.41,clear sky
36,Kapaa,US,22.0752,-159.319,69.19,84,0,8.05,clear sky
37,Lyubytino,RU,58.8122,33.3922,28.45,95,100,8.41,overcast clouds
38,Dingle,PH,10.9995,122.6711,74.59,91,100,7.02,overcast clouds
39,Lodja,CD,-3.4833,23.4333,72.95,83,100,1.86,light rain
40,Hobart,AU,-42.8794,147.3294,51.26,76,75,10.36,broken clouds
41,Lere,NG,10.387,8.5726,72.84,14,43,6.98,scattered clouds
42,Lagoa,PT,39.05,-27.9833,59.79,79,100,13.6,overcast clouds
43,Fort-Shevchenko,KZ,44.5086,50.263,38.77,86,100,9.4,overcast clouds
44,Bathsheba,BB,13.2167,-59.5167,84.81,51,20,27.63,few clouds
45,Cidreira,BR,-30.1811,-50.2056,78.66,72,0,16.33,clear sky
46,Busselton,AU,-33.65,115.3333,60.08,90,37,4.29,scattered clouds
47,Punta Arenas,CL,-53.15,-70.9167,59.02,62,0,14.97,clear sky
48,Zhigansk,RU,66.7697,123.3711,-29.02,100,93,5.93,overcast clouds
49,Mahebourg,MU,-20.4081,57.7,79.09,83,20,1.14,few clouds
50,Bubaque,GW,11.2833,-15.8333,79.47,66,56,14.45,broken clouds
51,Zhaozhou,CN,45.6833,125.3167,-7.83,100,51,6.06,broken clouds
52,Butaritari,KI,3.0707,172.7902,81.03,79,58,15.77,light rain
53,Newport,GB,51.5877,-2.9984,44.76,78,99,12.28,overcast clouds
54,Iisalmi,FI,63.5592,27.1907,21.22,92,9,7.49,clear sky
55,Upernavik,GL,72.7868,-56.1549,-15.29,79,100,14.5,overcast clouds
56,Port Elizabeth,ZA,-33.918,25.5701,68.29,83,0,3.44,clear sky
57,Dasoguz,TM,41.8363,59.9666,33.91,86,0,6.91,clear sky
58,Port Alfred,ZA,-33.5906,26.891,70.56,85,9,6.26,clear sky
59,Bom Jesus,BR,-9.0744,-44.3586,88.7,49,67,2.62,moderate rain
60,Hasaki,JP,35.7333,140.8333,30.6,57,13,13.76,few clouds
61,Tuktoyaktuk,CA,69.4541,-133.0374,-20.2,69,75,16.11,broken clouds
62,Jiangyou,CN,31.7667,104.7167,42.01,73,100,2.66,overcast clouds
63,Victoria,HK,22.2855,114.1577,66.25,87,33,1.99,scattered clouds
64,Porto Belo,BR,-27.1578,-48.5531,87.64,65,1,12.59,clear sky
65,Lebu,CL,-37.6167,-73.65,61.68,59,0,22.79,clear sky
66,Thompson,CA,55.7435,-97.8558,-20.04,57,0,8.05,clear sky
67,Mataura,NZ,-46.1927,168.8643,51.48,92,95,3.89,overcast clouds
68,Dwarka,IN,22.2394,68.9678,71.28,55,0,10.49,clear sky
69,Pemangkat,ID,1.1667,108.9667,75.47,92,100,4.52,overcast clouds
70,Clyde River,CA,70.4692,-68.5914,-16.37,76,100,32.21,heavy snow
71,Bafoulabe,ML,13.8065,-10.8321,85.82,8,1,6.24,clear sky
72,Saldanha,ZA,-33.0117,17.9442,68.05,90,0,21.0,clear sky
73,Tucurui,BR,-3.7661,-49.6725,83.68,77,79,2.39,broken clouds
74,Chimbote,PE,-9.0853,-78.5783,76.77,66,95,11.72,overcast clouds
75,Bambous Virieux,MU,-20.3428,57.7575,79.05,83,20,1.14,few clouds
76,Kaitangata,NZ,-46.2817,169.8464,54.36,87,100,4.05,overcast clouds
77,Abay,KZ,49.6311,72.8539,-1.82,86,100,13.49,overcast clouds
78,Ilulissat,GL,69.2167,-51.1,21.22,79,75,2.3,light snow
79,Barrow,US,71.2906,-156.7887,-34.58,100,0,6.91,clear sky
80,Aksay,RU,47.26,39.87,41.29,94,49,8.01,scattered clouds
81,Teluk Nibung,ID,3.001,99.8164,74.34,93,100,2.44,overcast clouds
82,Olafsvik,IS,64.8945,-23.7142,30.83,75,100,16.89,overcast clouds
83,Xam Nua,LA,20.4197,104.0439,58.32,97,62,2.98,broken clouds
84,Numata,JP,36.6333,139.05,27.5,74,34,5.93,scattered clouds
85,New Norfolk,AU,-42.7826,147.0587,50.92,67,61,1.99,broken clouds
86,Gympie,AU,-26.1898,152.665,69.31,81,0,4.09,clear sky
87,Bochov,CZ,50.1487,13.0523,35.73,89,75,11.5,snow
88,Kudahuvadhoo,MV,2.6708,72.8944,81.81,66,78,3.15,broken clouds
89,Coos Bay,US,43.3665,-124.2179,53.15,93,0,0.0,clear sky
90,Codrington,AU,-38.2667,141.9667,52.39,88,2,7.23,clear sky
91,Pishin,PK,30.5803,66.9961,46.29,31,0,1.01,clear sky
92,Ahipara,NZ,-35.1667,173.1667,75.09,93,100,14.0,overcast clouds
93,Khatanga,RU,71.9667,102.5,2.17,80,75,15.75,broken clouds
94,Dodge City,US,37.7528,-100.0171,52.25,47,0,25.32,clear sky
95,Hanmer Springs,NZ,-42.5167,172.8167,60.87,87,100,1.23,light rain
96,Nelson Bay,AU,-32.7167,152.15,73.0,69,96,4.0,overcast clouds
97,Saint George,US,37.1041,-113.5841,66.34,37,0,1.01,clear sky
98,San Patricio,US,28.017,-97.5169,77.09,44,0,7.47,clear sky
99,Kavieng,PG,-2.5744,150.7967,81.09,80,100,7.96,light rain
100,Port Hawkesbury,CA,45.6169,-61.3485,45.18,65,0,11.5,clear sky
101,Tombouctou,ML,20.0,-3.0,67.69,15,24,9.89,few clouds
102,Puerto Ayora,EC,-0.7393,-90.3518,82.36,86,81,4.0,broken clouds
103,Brokopondo,SR,4.75,-55.1667,81.93,74,76,8.16,broken clouds
104,Pacific Grove,US,36.6177,-121.9166,76.3,48,0,4.0,clear sky
105,El Carmen De Bolivar,CO,9.7174,-75.1202,95.18,34,79,4.16,broken clouds
106,Tateyama,JP,34.9833,139.8667,39.22,67,12,12.08,few clouds
107,Klaksvik,FO,62.2266,-6.589,40.12,74,100,12.21,overcast clouds
108,Cap Malheureux,MU,-19.9842,57.6142,79.29,77,100,1.99,overcast clouds
109,Andenes,NO,69.3143,16.1194,28.38,64,20,11.5,few clouds
110,Hermanus,ZA,-34.4187,19.2345,68.9,88,0,4.34,clear sky
111,Lavrentiya,RU,65.5833,-171.0,-26.48,94,25,7.16,scattered clouds
112,Salalah,OM,17.0151,54.0924,75.29,64,20,2.3,few clouds
113,Murray Bridge,AU,-35.1167,139.2667,64.45,63,0,4.88,clear sky
114,Zverinogolovskoye,RU,54.4586,64.8542,17.44,94,100,16.42,light snow
115,Biltine,TD,14.5333,20.9167,73.72,11,4,10.85,clear sky
116,Lensk,RU,60.7253,114.9278,-6.95,97,100,5.14,overcast clouds
117,Farah,AF,32.5,62.5,50.45,33,0,2.53,clear sky
118,Longyearbyen,SJ,78.2186,15.6401,21.04,86,75,3.44,light snow
119,Mill Valley,US,37.906,-122.545,72.05,59,10,5.5,clear sky
120,Myitkyina,MM,25.3833,97.4,57.45,74,0,2.98,clear sky
121,Valdez,EC,1.2492,-78.9831,79.72,78,12,9.53,light rain
122,Agutaya,PH,11.148,120.9417,78.76,88,100,25.79,overcast clouds
123,Niquero,CU,20.0431,-77.5828,81.28,66,54,3.56,broken clouds
124,Tiksi,RU,71.6872,128.8694,-13.11,94,98,14.76,overcast clouds
125,Key West,US,24.5557,-81.7826,77.0,69,75,10.36,broken clouds
126,Yeniseysk,RU,58.4497,92.1703,-10.7,97,13,4.59,few clouds
127,Albany,US,42.6001,-73.9662,49.95,40,70,1.01,moderate rain
128,Airai,TL,-8.9266,125.4092,60.67,94,100,0.98,overcast clouds
129,Batagay-Alyta,RU,67.8006,130.4114,-16.73,87,100,4.21,overcast clouds
130,Charleston,US,32.7766,-79.9309,71.13,34,0,9.22,clear sky
131,Suntar,RU,62.1444,117.6319,-7.11,98,96,4.23,overcast clouds
132,Faanui,PF,-16.4833,-151.75,81.54,72,87,14.76,overcast clouds
133,Grand Gaube,MU,-20.0064,57.6608,79.2,77,98,1.99,overcast clouds
134,Marsa Matruh,EG,31.3525,27.2453,56.1,62,3,4.63,clear sky
135,Korla,CN,41.7597,86.1469,27.09,49,0,3.29,clear sky
136,Turgutlu,TR,38.4953,27.6997,43.48,65,0,4.14,clear sky
137,Tuatapere,NZ,-46.1333,167.6833,51.82,82,52,6.24,broken clouds
138,Ostrovnoy,RU,68.0531,39.5131,20.1,94,100,9.93,overcast clouds
139,Vao,NC,-22.6667,167.4833,80.55,83,100,17.49,light rain
140,Yellowknife,CA,62.456,-114.3525,-12.59,81,75,4.61,broken clouds
141,Aloleng,PH,16.1307,119.7824,76.5,73,7,7.14,clear sky
142,Vila Velha,BR,-20.3297,-40.2925,76.95,86,75,13.8,broken clouds
143,Buseresere,TZ,-3.0236,31.8747,65.17,87,76,2.46,broken clouds
144,Sitka,US,57.0531,-135.33,39.09,81,100,10.36,overcast clouds
145,Phangnga,TH,8.4509,98.5298,77.04,93,97,2.08,overcast clouds
146,Praia Da Vitoria,PT,38.7333,-27.0667,61.05,77,75,4.9,broken clouds
147,Chodziez,PL,52.995,16.9198,37.58,87,100,16.44,overcast clouds
148,Arroio Dos Ratos,BR,-30.0772,-51.7292,94.05,29,48,9.64,scattered clouds
149,Hailar,CN,49.2,119.7,-13.2,100,100,4.25,overcast clouds
150,Kahului,US,20.8947,-156.47,75.85,78,20,4.61,few clouds
151,Maceio,BR,-9.6658,-35.7353,87.24,58,40,17.27,scattered clouds
152,Hithadhoo,MV,-0.6,73.0833,81.7,70,100,7.58,overcast clouds
153,Sydney,AU,-33.8679,151.2073,70.9,67,75,16.11,broken clouds
154,Buchanan,LR,5.8808,-10.0467,89.56,81,31,8.7,scattered clouds
155,Chebarkul,RU,54.9749,60.3633,5.36,99,100,3.02,overcast clouds
156,Warmbad,NA,-28.45,18.7333,95.29,17,100,9.95,overcast clouds
157,Baiquan,CN,47.5833,126.0833,-4.09,100,76,6.13,broken clouds
158,Qaanaaq,GL,77.484,-69.3632,-24.45,64,0,7.4,clear sky
159,Cape Town,ZA,-33.9258,18.4232,71.28,75,0,17.27,clear sky
160,Ulaangom,MN,49.9811,92.0667,-27.71,90,78,3.6,broken clouds
161,Prescott,US,34.54,-112.4685,61.38,29,0,5.75,clear sky
162,Yulara,AU,-25.2406,130.9889,67.84,42,0,5.75,clear sky
163,Kushima,JP,31.4583,131.2333,47.12,74,100,5.55,overcast clouds
164,Almaznyy,RU,48.0448,40.045,39.34,92,100,17.34,overcast clouds
165,Hami,CN,42.8,93.45,30.06,52,100,1.57,light snow
166,Semnan,IR,35.5729,53.3971,45.32,64,87,7.09,overcast clouds
167,Ancud,CL,-41.8697,-73.8203,67.23,53,0,5.75,clear sky
168,Ambilobe,MG,-13.2,49.05,73.67,96,100,1.7,moderate rain
169,Saskylakh,RU,71.9167,114.0833,2.52,91,95,12.75,overcast clouds
170,Avarua,CK,-21.2078,-159.775,77.05,94,20,3.44,few clouds
171,Grindavik,IS,63.8424,-22.4338,30.67,64,75,17.27,broken clouds
172,Sur,OM,22.5667,59.5289,68.63,57,0,7.96,clear sky
173,Huaibei,CN,33.9744,116.7917,37.69,87,17,3.06,few clouds
174,Mareeba,AU,-17.0,145.4333,68.72,94,41,1.5,scattered clouds
175,Leningradskiy,RU,69.3833,178.4167,-18.56,97,99,4.88,overcast clouds
176,Hilo,US,19.7297,-155.09,75.61,79,75,6.91,broken clouds
177,Port Hedland,AU,-20.3167,118.5667,84.25,84,40,4.61,scattered clouds
178,Dikson,RU,73.5069,80.5464,2.34,82,100,28.41,overcast clouds
179,Sitrah,BH,26.1547,50.6206,68.36,66,0,11.5,clear sky
180,Chandbali,IN,20.7833,86.7667,67.14,73,100,3.67,overcast clouds
181,Arraial Do Cabo,BR,-22.9661,-42.0278,76.86,83,75,4.61,light intensity drizzle
182,Cuenca,EC,-2.8833,-78.9833,69.93,52,75,4.61,broken clouds
183,Faya,SA,18.3851,42.4509,57.72,86,33,8.1,scattered clouds
184,Cayenne,GF,4.9333,-52.3333,80.64,90,75,9.22,light rain
185,Hofn,IS,64.2539,-15.2082,30.22,55,40,12.66,scattered clouds
186,Grand-Santi,GF,4.25,-54.3833,80.67,84,47,4.34,scattered clouds
187,Mount Isa,AU,-20.7333,139.5,83.97,34,40,9.22,scattered clouds
188,Port Keats,AU,-14.25,129.55,80.65,84,0,2.95,clear sky
189,Nantucket,US,41.2835,-70.0995,52.61,73,0,13.8,clear sky
190,Liberal,US,37.0431,-100.921,54.63,43,0,23.02,clear sky
191,Adrar,MR,20.5022,-10.0711,67.8,15,6,12.77,clear sky
192,Pabna,BD,24.0,89.25,60.62,55,0,7.0,clear sky
193,Severo-Kurilsk,RU,50.6789,156.125,23.36,91,100,4.36,light snow
194,Caravelas,BR,-17.7125,-39.2481,84.31,57,0,8.97,clear sky
195,Ducheng,CN,23.2373,111.5317,55.15,91,100,3.51,overcast clouds
196,Quatre Cocos,MU,-20.2078,57.7625,78.91,80,35,3.56,scattered clouds
197,Mackenzie,CA,55.2999,-123.1698,19.62,79,100,6.91,overcast clouds
198,Atuona,PF,-9.8,-139.0333,77.65,76,8,14.5,clear sky
199,Provideniya,RU,64.3833,-173.3,-16.6,92,8,9.06,clear sky
200,Benghazi,LY,32.1167,20.0667,57.24,67,16,10.47,few clouds
201,Sangin,AF,32.0728,64.8359,51.96,30,0,5.82,clear sky
202,Hay River,CA,60.8156,-115.7999,-7.62,77,75,3.44,light snow
203,Porto Novo,BJ,6.4965,2.6036,85.82,80,9,8.77,clear sky
204,Laguna,US,38.421,-121.4238,74.23,67,0,4.61,clear sky
205,Castro,BR,-24.7911,-50.0119,80.2,45,16,2.26,few clouds
206,Tasiilaq,GL,65.6145,-37.6368,14.16,58,100,5.35,overcast clouds
207,Fort Nelson,CA,58.8053,-122.7002,-6.21,84,75,2.3,broken clouds
208,Hamilton,US,39.1834,-84.5333,56.71,47,100,13.8,overcast clouds
209,Pahalgam,IN,34.0333,75.3333,16.39,50,6,14.65,clear sky
210,Bako,ET,5.7833,36.5667,71.83,45,100,3.74,overcast clouds
211,Waingapu,ID,-9.6567,120.2641,78.31,83,100,2.53,overcast clouds
212,Soe,ID,-9.8607,124.284,66.54,95,99,0.92,overcast clouds
213,Rocha,UY,-34.4833,-54.3333,85.32,48,96,9.31,overcast clouds
214,Shache,CN,38.4167,77.2406,35.17,42,100,6.82,overcast clouds
215,Skjervoy,NO,70.0311,20.9714,26.78,54,100,19.57,light snow
216,Mersing,MY,2.4312,103.8405,73.31,94,100,8.05,overcast clouds
217,Detchino,RU,54.8092,36.3075,34.25,97,9,7.09,clear sky
218,Atar,MR,20.5169,-13.0499,87.85,18,0,13.8,clear sky
219,Iqaluit,CA,63.7506,-68.5145,-0.31,77,100,2.3,light snow
220,Baykit,RU,61.67,96.37,-17.09,99,22,1.57,few clouds
221,Shingu,JP,33.7333,135.9833,36.91,63,10,6.17,clear sky
222,Kavaratti,IN,10.5669,72.642,80.38,76,39,10.25,scattered clouds
223,Cockburn Town,TC,21.4612,-71.1419,84.16,61,40,13.8,scattered clouds
224,Bhadrachalam,IN,17.6667,80.8833,69.04,64,72,3.29,broken clouds
225,Umm Lajj,SA,25.0213,37.2685,66.2,48,0,17.72,clear sky
226,Acheng,CN,45.5454,126.977,-0.47,100,93,4.32,overcast clouds
227,Bukama,CD,-9.2,25.85,69.42,96,95,3.89,overcast clouds
228,Ambulu,ID,-8.345,113.6058,75.83,88,100,3.4,overcast clouds
229,Salinopolis,BR,-0.6136,-47.3561,80.69,84,100,8.86,overcast clouds
230,Bilma,NE,18.6853,12.9164,66.79,18,0,6.96,clear sky
231,Smithers,CA,54.7804,-127.1743,23.32,80,75,2.3,broken clouds
232,Malanje,AO,-9.5402,16.341,67.89,75,100,2.91,overcast clouds
233,Oranjestad,AW,12.524,-70.027,85.95,58,40,24.16,scattered clouds
234,Platanos,GR,37.6667,21.6167,53.08,82,48,3.67,scattered clouds
235,Leiyang,CN,26.4024,112.8591,40.46,95,100,3.04,overcast clouds
236,San Cristobal,VE,7.7669,-72.225,66.38,57,84,3.24,broken clouds
237,Keffi,NG,8.8486,7.8736,89.98,9,11,3.8,few clouds
238,Katsuura,JP,35.1333,140.3,39.31,70,11,13.38,few clouds
239,Sosnovo-Ozerskoye,RU,52.5249,111.5418,-16.47,100,100,2.08,overcast clouds
240,Chardara,KZ,41.2547,67.9692,49.39,46,100,9.08,overcast clouds
241,Husavik,IS,66.0449,-17.3389,24.71,90,95,5.77,overcast clouds
242,Esperance,AU,-33.8667,121.9,73.24,84,100,4.9,light rain
243,Lasa,IT,46.6166,10.7002,44.51,90,43,7.11,scattered clouds
244,Araouane,ML,18.9048,-3.5265,68.45,15,45,10.11,scattered clouds
245,Cheney,US,47.4874,-117.5758,41.77,49,40,11.5,fog
246,Whitianga,NZ,-36.8333,175.7,74.01,98,100,9.08,overcast clouds
247,Vila Franca Do Campo,PT,37.7167,-25.4333,59.41,69,62,3.67,broken clouds
248,Georgetown,MY,5.4112,100.3354,79.9,89,20,3.44,few clouds
249,Shirokiy,RU,49.758,129.523,3.76,96,100,7.16,overcast clouds
250,Bredasdorp,ZA,-34.5322,20.0403,67.32,77,5,3.44,clear sky
251,Hovd,MN,48.0056,91.6419,-14.1,87,89,4.34,overcast clouds
252,Bereda,ES,43.2686,-7.5406,52.0,97,100,3.33,overcast clouds
253,Kampot,KH,10.6167,104.1833,75.25,80,100,3.49,overcast clouds
254,Zhongxing,CN,33.7039,118.6792,37.96,85,69,4.12,broken clouds
255,Kpandu,GH,6.9954,0.2931,86.13,50,74,8.84,broken clouds
256,San Quintin,MX,30.4833,-115.95,72.91,23,0,4.68,clear sky
257,Port Hardy,CA,50.6996,-127.4199,42.98,87,100,9.22,overcast clouds
258,Adelaide,AU,-34.9333,138.6,64.18,57,0,11.99,clear sky
259,Pimentel,PE,-6.8367,-79.9342,82.69,47,0,16.11,clear sky
260,Hambantota,LK,6.1241,81.1185,77.05,88,90,13.02,overcast clouds
261,Jiexiu,CN,37.0244,111.9125,33.6,50,100,2.51,overcast clouds
262,Muros,ES,42.7762,-9.0603,57.24,81,100,1.99,overcast clouds
263,Niort,FR,46.3333,-0.3333,43.14,65,100,1.99,overcast clouds
264,Guerrero Negro,MX,27.9769,-114.0611,73.98,23,0,4.72,clear sky
265,Mango,US,27.9797,-82.3065,79.12,61,40,5.75,scattered clouds
266,Havre-Saint-Pierre,CA,50.2334,-63.5986,25.16,50,0,18.41,clear sky
267,Kalamazoo,US,42.2506,-85.55,38.59,87,100,10.36,overcast clouds
268,Roald,NO,62.5833,6.1333,38.34,87,75,18.41,broken clouds
269,Coihaique,CL,-45.5752,-72.0662,65.01,42,0,5.75,clear sky
270,Kachug,RU,53.9606,105.8817,-29.61,100,93,0.87,overcast clouds
271,Sungairaya,ID,0.7,108.9,75.42,93,100,2.75,light rain
272,Bilibino,RU,68.0546,166.4372,-36.58,97,35,2.37,scattered clouds
273,Semaria,IN,24.3073,79.9718,55.99,38,1,1.88,clear sky
274,Czluchow,PL,53.6672,17.3588,34.14,84,98,14.52,light snow
275,Biloela,AU,-24.4167,150.5,65.89,82,0,4.5,clear sky
276,Obihiro,JP,42.9172,143.2044,5.95,97,86,2.82,overcast clouds
277,Bafia,CM,4.75,11.2333,78.44,28,30,2.68,scattered clouds
278,Haines Junction,CA,60.7522,-137.5108,15.75,67,100,1.14,overcast clouds
279,Banda Aceh,ID,5.5577,95.3222,77.68,78,82,4.25,broken clouds
280,Vostok,RU,46.4856,135.8833,14.81,98,100,3.06,overcast clouds
281,Yerbogachen,RU,61.2767,108.0108,-11.02,97,100,3.38,overcast clouds
282,Pevek,RU,69.7008,170.3133,-27.45,99,96,7.0,overcast clouds
283,Coquimbo,CL,-29.9533,-71.3436,68.92,71,24,8.14,few clouds
284,Souillac,MU,-20.5167,57.5167,79.18,83,20,1.14,few clouds
285,Leh,IN,34.1667,77.5833,-10.37,60,7,4.12,clear sky
286,Katobu,ID,-4.9408,122.5276,75.56,91,100,1.97,light rain
287,Sorland,NO,67.667,12.6934,31.86,54,100,17.54,overcast clouds
288,Sambava,MG,-14.2667,50.1667,77.34,85,65,7.78,moderate rain
289,Ponta Do Sol,PT,32.6667,-17.1,65.12,72,18,3.11,few clouds
290,Key Largo,US,25.0865,-80.4473,82.02,77,21,5.66,few clouds
291,Montmagny,FR,48.9734,2.3469,42.98,75,0,5.75,clear sky
292,Palmer,US,42.1584,-72.3287,55.47,32,20,25.32,few clouds
293,Ternate,ID,0.8,127.4,79.18,83,100,4.29,overcast clouds
294,Cherskiy,RU,68.75,161.3,-37.35,100,86,6.02,overcast clouds
295,Huaiyuan,CN,32.973,117.1995,40.46,89,98,5.88,overcast clouds
296,Tigil,RU,57.8,158.6667,-20.22,100,81,1.05,broken clouds
297,Anaconda,US,46.1285,-112.9423,36.59,84,98,5.97,overcast clouds
298,Sai Buri,TH,6.7013,101.6168,76.32,85,100,5.86,overcast clouds
299,Sakakah,SA,29.9697,40.2064,53.17,45,66,8.81,broken clouds
300,Saint-Philippe,RE,-21.3585,55.7679,76.59,74,13,7.92,few clouds
301,Ribeira Grande,PT,38.5167,-28.7,63.0,63,75,8.05,broken clouds
302,Port Hueneme,US,34.1478,-119.1951,86.32,26,0,8.05,clear sky
303,Kartaly,RU,53.0522,60.6467,12.16,96,98,9.44,overcast clouds
304,Sidney,AU,-33.8679,151.2073,70.9,67,75,16.11,broken clouds
305,Sioux Lookout,CA,50.1001,-91.917,-3.62,65,75,10.36,broken clouds
306,Saint-Pierre,RE,-21.3393,55.4781,76.68,83,0,3.44,clear sky
307,Otradnoye,RU,59.7775,30.8181,28.45,93,41,8.59,scattered clouds
308,Richards Bay,ZA,-28.783,32.0377,74.37,85,5,4.27,clear sky
309,Zaqatala,AZ,41.6336,46.6433,37.87,93,75,6.91,broken clouds
310,Ferkessedougou,CI,9.6,-5.2,85.5,10,79,5.1,broken clouds
311,Paamiut,GL,61.994,-49.6678,31.3,79,100,17.81,overcast clouds
312,Yarensk,RU,62.1675,49.0916,18.97,96,100,5.17,overcast clouds
313,Bocsa,RO,45.3733,21.7092,50.16,84,16,2.95,few clouds
314,Horni Slavkov,CZ,50.1386,12.8076,35.58,89,75,11.5,light shower snow
315,Hauterive,FR,46.0901,3.4459,40.62,81,0,4.07,clear sky
316,Paracuru,BR,-3.41,-39.0306,87.82,70,3,12.68,clear sky
317,Inirida,CO,3.8653,-67.9239,91.53,48,76,1.5,broken clouds
318,Vestmannaeyjar,IS,63.4427,-20.2734,36.59,75,75,25.32,broken clouds
319,Okhotsk,RU,59.3833,143.3,-10.89,87,84,7.81,broken clouds
320,Mercedes,AR,-34.6515,-59.4307,74.64,69,100,23.76,light rain
321,Beirut,LB,33.8889,35.4944,56.14,62,0,4.61,clear sky
322,Zyryanka,RU,65.75,150.85,-37.39,99,49,6.33,scattered clouds
323,Praya,CV,14.9215,-23.5087,81.14,47,11,20.71,few clouds
324,Kindu,CD,-2.95,25.95,71.6,88,85,1.05,overcast clouds
325,Nome,US,64.5011,-165.4064,-3.93,54,0,11.5,clear sky
326,Narsaq,GL,60.9167,-46.05,23.22,74,100,4.07,overcast clouds
327,Fairbanks,US,64.8378,-147.7164,-1.7,74,100,8.05,overcast clouds
328,Alofi,NU,-19.0595,-169.9187,76.89,94,3,4.61,clear sky
329,Havoysund,NO,70.9963,24.6622,30.43,57,100,19.8,snow
330,Omboue,GA,-1.5746,9.2618,78.51,86,100,6.51,light rain
331,Knysna,ZA,-34.0363,23.0471,66.58,77,0,2.35,clear sky
332,La Ronge,CA,55.1001,-105.2842,-18.15,52,75,3.44,broken clouds
333,Banfora,BF,10.6333,-4.7667,85.66,9,6,6.24,clear sky
334,Kruisfontein,ZA,-34.0033,24.7314,64.0,79,0,1.99,clear sky
335,Touros,BR,-5.1989,-35.4608,86.9,66,42,13.51,scattered clouds
336,Finsterwalde,DE,51.6333,13.7167,38.82,78,100,10.0,overcast clouds
337,Los Llanos De Aridane,ES,28.6585,-17.9182,67.75,68,0,4.61,clear sky
338,Bowen,AU,-20.0167,148.2333,70.02,79,0,7.05,clear sky
339,Sena Madureira,BR,-9.0656,-68.6569,83.35,83,87,3.47,overcast clouds
340,Lucapa,AO,-8.4192,20.7447,69.28,85,100,1.61,light rain
341,Roebourne,AU,-20.7833,117.1333,85.03,71,54,4.88,broken clouds
342,Erenhot,CN,43.6475,111.9767,5.58,96,99,3.91,overcast clouds
343,Jiazi,CN,22.8779,116.067,60.03,89,62,9.69,broken clouds
344,Miram Shah,PK,33.0086,70.0697,50.18,39,0,3.33,clear sky
345,Kyra,RU,49.5776,111.9753,-17.86,95,25,4.7,scattered clouds
346,Marawi,PH,7.9986,124.2928,66.65,94,14,0.96,few clouds
347,Rock Sound,BS,24.9,-76.2,75.81,79,19,9.62,few clouds
348,Versalles,FR,48.8,2.1333,42.28,76,75,4.61,broken clouds
349,San Policarpo,PH,12.1791,125.5072,78.48,89,100,15.84,overcast clouds
350,Erzin,TR,36.9559,36.2,50.72,75,1,2.35,clear sky
351,Gasa,PS,31.5,34.4667,55.18,70,0,7.81,clear sky
352,Ocampo,MX,21.65,-101.5,61.77,24,0,14.32,clear sky
353,Zlatograd,BG,41.3833,25.1,39.13,89,3,3.6,clear sky
354,Walvis Bay,NA,-22.9575,14.5053,72.09,80,17,4.56,light rain
355,Sao Joao Da Barra,BR,-21.6403,-41.0511,80.69,83,100,10.04,overcast clouds
356,Dunedin,NZ,-45.8742,170.5036,54.99,95,100,3.38,overcast clouds
357,Namatanai,PG,-3.6667,152.4333,78.37,81,100,3.49,overcast clouds
358,Odienne,CI,9.51,-7.5692,84.09,11,12,3.62,few clouds
359,Kushiro,JP,42.975,144.3747,16.38,92,98,4.7,overcast clouds
360,Kiruna,SE,67.8557,20.2251,11.32,79,0,9.22,clear sky
361,Solnechnyy,RU,50.7214,136.6319,7.88,95,100,4.63,overcast clouds
362,Turbat,PK,26.0023,63.044,66.81,56,0,3.38,clear sky
363,Liverpool,GB,53.4106,-2.9779,43.63,74,40,12.66,scattered clouds
364,Takapau,NZ,-40.0333,176.35,64.18,99,100,3.58,light rain
365,Anadyr,RU,64.75,177.4833,-34.1,67,0,8.95,clear sky
366,Camocim,BR,-2.9022,-40.8411,84.2,64,35,13.96,scattered clouds
367,Tongren,CN,27.7172,109.1853,41.25,93,100,3.13,overcast clouds
368,Sharan,RU,54.8167,54.0,20.17,96,99,7.45,light snow
369,Jambi,ID,-1.6,103.6167,73.02,98,100,2.77,overcast clouds
370,Talnakh,RU,69.4865,88.3972,-11.16,89,100,10.07,overcast clouds
371,Roma,US,43.2128,-75.4557,46.94,48,75,5.75,broken clouds
372,Destin,US,30.3935,-86.4958,69.44,64,75,10.36,broken clouds
373,Teya,RU,60.3778,92.6267,-19.14,100,19,2.06,few clouds
374,Bay City,US,43.5945,-83.8889,39.2,89,100,18.41,mist
375,Asau,RO,46.4333,26.4,40.12,89,19,5.75,few clouds
376,Hong Gai,VN,20.956,107.0946,64.31,96,100,8.05,overcast clouds
377,Yar-Sale,RU,66.8333,70.8333,0.43,80,100,17.94,overcast clouds
378,Labuan,MY,5.2767,115.2417,79.16,94,20,1.14,few clouds
379,Qui Nhon,VN,13.7667,109.2333,72.82,87,100,6.08,overcast clouds
380,Lucea,JM,18.451,-78.1736,82.26,74,21,13.33,few clouds
381,Santa Cruz De La Palma,ES,28.6835,-17.7642,71.74,68,0,4.61,clear sky
382,Chuy,UY,-33.6971,-53.4616,81.9,61,88,14.83,overcast clouds
383,Swellendam,ZA,-34.0226,20.4417,66.58,71,0,8.23,clear sky
384,Owando,CG,-0.4819,15.8999,82.65,48,86,2.24,overcast clouds
385,Killeen,US,31.1171,-97.7278,73.45,33,0,14.97,clear sky
386,Oranjemund,NA,-28.55,16.4333,66.87,75,100,11.9,overcast clouds
387,Nacala,MZ,-14.5428,40.6728,74.73,94,100,4.63,light rain
388,Komsomolskiy,UZ,40.4272,71.7189,42.22,65,100,0.0,overcast clouds
389,Mokhsogollokh,RU,61.4681,128.9203,-33.2,100,41,3.02,scattered clouds
390,Meulaboh,ID,4.1363,96.1285,74.52,89,100,8.23,overcast clouds
391,Larap,PH,14.299,122.6504,75.65,90,85,12.08,overcast clouds
392,Tual,ID,-5.6667,132.75,80.62,75,71,2.19,broken clouds
393,Kautokeino,NO,69.0125,23.0412,-5.35,100,33,4.43,scattered clouds
394,Dalvik,IS,65.9702,-18.5286,24.73,91,100,3.76,overcast clouds
395,Bandarbeyla,SO,9.4942,50.8122,75.04,64,34,17.98,scattered clouds
396,Atambua,ID,-9.1061,124.8925,73.67,90,100,2.64,overcast clouds
397,Biak,ID,-0.9131,122.8766,75.92,82,100,3.22,overcast clouds
398,Minjur,IN,13.2667,80.2667,80.01,69,10,9.1,clear sky
399,Xingcheng,CN,40.6167,120.7167,22.57,66,100,9.4,overcast clouds
400,Kuvshinovo,RU,57.0295,34.1725,25.72,95,73,8.55,broken clouds
401,Lata,PT,40.1629,-8.3327,56.8,86,100,1.97,overcast clouds
402,Santa Fe,AR,-31.6333,-60.7,75.16,69,75,29.93,light rain
403,Ust-Nera,RU,64.5667,143.2,-35.25,99,65,2.48,broken clouds
404,Medea,DZ,36.2642,2.7539,43.25,86,51,4.52,broken clouds
405,Yaqui,MX,27.3667,-110.1667,73.96,21,0,3.04,clear sky
406,Beringovskiy,RU,63.05,179.3167,-28.07,96,54,9.69,broken clouds
407,Tornio,FI,65.8481,24.1466,15.82,91,64,6.26,broken clouds
408,Portland,US,45.5234,-122.6762,56.34,78,40,7.0,scattered clouds
409,Broome,US,42.2506,-75.833,51.17,45,0,15.01,clear sky
410,Asha,RU,54.9973,57.2722,17.31,97,100,3.29,light snow
411,Camacha,PT,33.0833,-16.3333,62.02,77,40,11.5,scattered clouds
412,Sungaipenuh,ID,-2.0833,101.3833,64.22,93,100,2.06,moderate rain
413,Murashi,RU,59.3999,48.9615,21.83,97,100,5.79,snow
414,Cabo San Lucas,MX,22.8909,-109.9124,77.5,53,0,9.22,clear sky
415,Zhezkazgan,KZ,47.8043,67.7144,26.19,97,100,17.67,light snow
416,Cutlerville,US,42.8409,-85.6636,39.18,91,100,5.01,overcast clouds
417,Tongzi,CN,28.7829,105.0877,47.52,73,100,2.13,overcast clouds
418,Sao Filipe,CV,14.8961,-24.4956,79.57,53,12,15.64,few clouds
419,Visaginas,LT,55.6,26.4167,29.44,91,99,5.41,overcast clouds
420,Laela,TZ,-8.5667,32.05,59.85,94,100,3.24,overcast clouds
421,Illapel,CL,-31.6308,-71.1653,79.41,48,17,10.29,few clouds
422,Manavalakurichi,IN,8.1333,77.3,84.29,75,100,6.6,overcast clouds
423,Krasnoye-Na-Volge,RU,57.5125,41.2419,31.5,96,22,7.63,light snow
424,Ranong,TH,9.9658,98.6348,75.92,87,100,3.65,overcast clouds
425,Mayo,US,38.8876,-76.5119,66.13,39,0,12.66,clear sky
426,Trelew,AR,-43.249,-65.3051,72.19,21,2,14.85,clear sky
427,Provost,CA,52.3501,-110.2683,22.42,78,100,18.01,overcast clouds
428,Luoyang,CN,34.6836,112.4536,37.63,73,33,2.42,scattered clouds
429,Hole Narsipur,IN,12.7828,76.2431,65.52,52,0,7.47,clear sky
430,Alyangula,AU,-13.8483,136.4192,76.87,100,36,4.61,scattered clouds
431,Tokat,TR,40.4167,36.5833,15.22,84,11,6.29,few clouds
432,Mangai,CD,-4.05,19.5333,74.95,81,97,2.1,overcast clouds
433,Xunchang,CN,28.4543,104.715,46.17,73,100,1.66,overcast clouds
434,Piastow,PL,52.1843,20.8395,37.02,95,75,13.8,light rain
435,Bom Jesus Da Lapa,BR,-13.255,-43.4181,87.6,49,100,4.0,overcast clouds
436,Abu Samrah,SY,35.3029,37.1841,48.38,63,0,4.52,clear sky
437,Paso De Los Toros,UY,-32.8167,-56.5167,95.9,22,21,8.39,few clouds
438,Santa Isabel,BR,-23.3156,-46.2214,78.51,83,80,7.56,broken clouds
439,Normandin,CA,48.8333,-72.5321,8.91,72,100,2.3,overcast clouds
440,Port Moresby,PG,-9.4431,147.1797,71.02,94,20,3.44,few clouds
441,Korem,ET,12.5058,39.5228,55.06,59,0,5.23,clear sky
442,Pisco,PE,-13.7,-76.2167,78.85,57,0,16.11,clear sky
443,Zlatoust,RU,55.1711,59.6508,2.68,99,88,1.7,overcast clouds
444,Alugan,PH,12.2188,125.4808,77.95,90,100,15.64,overcast clouds
445,Saint-Georges,GD,12.0564,-61.7485,78.48,83,40,17.27,scattered clouds
446,Itaituba,BR,-4.2761,-55.9836,89.76,66,20,5.75,few clouds
447,Taltal,CL,-25.4,-70.4833,71.08,66,17,6.38,few clouds
448,Tabou,CI,4.423,-7.3528,80.15,80,36,8.77,scattered clouds
449,Cariati,IT,39.4922,16.9594,62.49,73,100,3.74,overcast clouds
450,Tautira,PF,-17.7333,-149.15,84.22,75,55,16.93,broken clouds
451,Noyabrsk,RU,63.1994,75.4507,-7.94,88,72,11.99,broken clouds
452,Iwanai,JP,42.9744,140.5089,18.82,91,100,4.65,overcast clouds
453,Finnsnes,NO,69.2296,17.9811,25.41,84,100,6.58,light snow
454,Gizo,SB,-8.103,156.8419,80.49,78,93,7.18,moderate rain
455,Usolye,RU,59.4268,56.6808,11.21,94,100,9.33,light snow
456,Kysyl-Syr,RU,63.8986,122.7617,-26.72,100,89,2.39,overcast clouds
457,Chaoyang,CN,41.5703,120.4586,18.0,75,100,2.75,overcast clouds
458,Bessemer,US,33.4018,-86.9544,69.58,37,0,10.36,clear sky
459,Port Arthur,CN,38.8,121.2667,30.42,53,100,8.46,overcast clouds
460,Otane,NZ,-39.8833,176.6333,65.01,98,100,3.69,overcast clouds
461,Khandyga,RU,62.6667,135.6,-43.02,100,75,1.1,broken clouds
462,Cascais,PT,38.6979,-9.4215,63.75,67,0,15.01,clear sky
463,Comodoro Rivadavia,AR,-45.8667,-67.5,69.66,26,0,17.27,clear sky
464,Coro,VE,11.4045,-69.6734,83.89,60,26,19.08,scattered clouds
465,Saint Anthony,US,45.0205,-93.218,23.41,69,100,24.16,overcast clouds
466,Whitehorse,CA,60.7161,-135.0538,22.01,85,100,17.27,light snow
467,Nouadhibou,MR,20.931,-17.0347,82.38,30,83,10.36,broken clouds
468,Akhmeta,GE,42.0311,45.2075,37.92,89,86,2.15,overcast clouds
469,Manzhouli,CN,49.6,117.4333,-12.3,99,92,5.75,overcast clouds
470,Lerwick,GB,60.1545,-1.1494,41.0,77,100,19.01,overcast clouds
471,Ventspils,LV,57.3894,21.5606,33.73,75,40,12.66,scattered clouds
472,Chulym,RU,55.0997,80.9572,-19.64,100,99,4.74,overcast clouds
473,Ewa Beach,US,21.3156,-158.0072,77.02,79,0,4.61,clear sky
474,Bonthe,SL,7.5264,-12.505,80.22,80,8,11.18,clear sky
475,Phenix City,US,32.471,-85.0008,70.25,35,0,6.91,clear sky
476,Bridlington,GB,54.0831,-0.1919,41.18,80,83,15.32,broken clouds
477,Celestun,MX,20.8667,-90.4,79.0,64,20,9.46,few clouds
478,Ormara,PK,25.2088,64.6357,70.86,57,0,8.46,clear sky
479,Kez,RU,57.8979,53.7152,16.36,97,100,4.38,overcast clouds
480,Bengbu,CN,32.9408,117.3608,40.19,89,99,6.58,overcast clouds
481,Sembakung,ID,3.8167,117.25,72.21,99,86,0.81,overcast clouds
482,Nokha,IN,27.6,73.4167,63.52,26,0,3.65,clear sky
483,Pangody,RU,65.85,74.4859,-4.23,80,0,15.7,clear sky
484,Pathein,MM,16.7833,94.7333,69.84,74,0,9.01,clear sky
485,Kannur,IN,11.8675,75.3576,74.12,67,2,3.65,clear sky
486,Kansanshi,ZM,-12.0951,26.4273,61.79,96,100,3.06,light rain
487,Ulaanbaatar,MN,47.9077,106.8832,-25.47,68,0,2.24,clear sky
488,Khartoum,SD,15.5518,32.5324,75.02,14,0,1.99,clear sky
489,Tadine,NC,-21.55,167.8833,80.4,83,100,14.99,overcast clouds
490,Bang Saphan,TH,11.2126,99.5117,76.05,86,100,2.73,overcast clouds
491,Vizianagaram,IN,18.1167,83.4167,76.51,87,52,2.42,broken clouds
492,Koslan,RU,63.4564,48.8989,18.75,95,100,7.56,light snow
493,Ketchikan,US,55.3422,-131.6461,35.58,86,75,4.61,broken clouds
494,Bontoc,PH,17.0899,120.978,63.23,94,100,3.42,overcast clouds
495,Hobyo,SO,5.3505,48.5268,76.8,67,9,19.64,clear sky
496,Horsham,GB,51.064,-0.3272,44.02,66,0,3.44,clear sky
497,Baturyn,UA,51.3457,32.8779,31.41,94,100,4.76,overcast clouds
498,Aripuana,BR,-9.1667,-60.6333,80.13,87,100,2.91,overcast clouds
499,Vanimo,PG,-2.6741,141.3028,76.46,89,100,4.85,overcast clouds
500,Saint-Joseph,RE,-21.3667,55.6167,75.58,74,15,4.52,few clouds
501,Candelaria,PH,13.9311,121.4233,76.39,92,79,6.42,broken clouds
502,Ballina,AU,-28.8667,153.5667,67.96,90,75,9.22,broken clouds
503,Yumen,CN,40.2833,97.2,23.83,45,100,6.31,overcast clouds
504,Valverde Del Camino,ES,37.5751,-6.7543,59.04,55,12,4.18,few clouds
505,Namibe,AO,-15.1961,12.1522,76.05,83,84,4.27,broken clouds
506,Belyy Yar,RU,53.6039,91.3903,-25.15,57,20,2.24,mist
507,Dinghai,CN,26.2847,119.7936,52.72,87,92,9.91,overcast clouds
508,Beian,NO,63.6559,9.5683,37.0,93,75,26.46,light snow
509,Paarl,ZA,-33.7338,18.9752,70.18,67,0,6.08,clear sky
510,Eenhana,NA,-17.4667,16.3333,72.7,76,85,2.91,light rain
511,Watrous,CA,51.6668,-105.4679,-6.02,77,91,4.61,overcast clouds
512,Norman Wells,CA,65.282,-126.8329,-18.36,69,20,3.44,few clouds
513,Pontes E Lacerda,BR,-15.2261,-59.3353,84.06,75,74,5.06,light rain
514,San Francisco,US,37.7749,-122.4194,73.92,57,8,7.0,clear sky
515,Bay Roberts,CA,47.5999,-53.2648,44.15,87,80,10.0,broken clouds
516,Kayes,ML,14.0,-11.0,85.35,7,1,9.13,clear sky
517,Labuhan,ID,-6.8844,112.2051,74.97,91,100,3.13,overcast clouds
518,Camabatela,AO,-8.1881,15.375,64.76,89,99,2.64,overcast clouds
519,Veracruz,MX,19.3333,-96.6667,71.87,58,76,6.53,broken clouds
520,Slonim,BY,53.0867,25.3219,34.79,86,100,5.35,light snow
521,Dimbokro,CI,6.6451,-4.7048,86.92,27,5,1.61,clear sky
522,Marrakesh,MA,31.6315,-8.0083,64.47,42,91,8.05,overcast clouds
523,Segezha,RU,63.7415,34.3222,17.46,90,89,10.45,overcast clouds
524,Atasu,KZ,48.6814,71.6433,16.11,85,100,12.68,overcast clouds
525,Helong,CN,42.5397,128.9972,14.14,74,18,5.23,few clouds
526,Maldonado,UY,-34.6667,-54.9167,81.79,68,94,11.18,overcast clouds
527,Fortuna,US,40.5982,-124.1573,64.92,65,0,4.61,clear sky
528,Kutum,SD,14.2,24.6667,59.67,15,0,9.64,clear sky
529,Padang,ID,-0.9492,100.3543,77.14,79,100,3.42,overcast clouds
530,Kajaani,FI,64.2273,27.7285,17.65,79,40,9.22,scattered clouds
531,Progreso,MX,21.2833,-89.6667,85.1,64,18,12.28,few clouds
532,Gat,IL,31.61,34.7642,54.09,100,12,5.7,few clouds
533,Phan Thiet,VN,10.9333,108.1,75.97,72,99,7.92,overcast clouds
534,Puerto Narino,CO,-3.7703,-70.3831,91.35,50,48,3.11,light rain
535,Beira,MZ,-19.8436,34.8389,80.69,69,20,11.5,few clouds
536,Tanhacu,BR,-14.0214,-41.2481,90.41,37,61,10.4,broken clouds
537,Adeje,ES,28.1227,-16.726,72.48,41,20,5.75,few clouds
538,Conceicao Do Araguaia,BR,-8.2578,-49.2647,84.83,68,78,0.67,moderate rain
539,Bayir,TR,37.2687,28.2167,41.83,64,0,3.42,clear sky
540,Kabompo,ZM,-13.5927,24.2008,65.26,94,100,1.77,light rain
541,Pangnirtung,CA,66.1451,-65.7125,5.0,51,100,8.05,overcast clouds
542,Mizdah,LY,31.4451,12.9801,54.23,46,100,7.14,overcast clouds
543,Mogadishu,SO,2.0371,45.3438,76.96,77,2,21.14,clear sky
544,Kalabo,ZM,-14.97,22.6814,68.92,88,100,2.75,moderate rain
545,Puerto Madryn,AR,-42.7692,-65.0385,72.61,20,0,2.57,clear sky
546,Anqing,CN,30.5092,117.0506,40.62,94,100,5.93,overcast clouds
547,Batemans Bay,AU,-35.7167,150.1833,59.99,90,38,6.42,scattered clouds
548,Ugoofaaru,MV,5.6667,73.0,81.43,73,91,5.39,overcast clouds
549,Rawlins,US,41.7911,-107.2387,30.63,76,100,9.22,overcast clouds
550,Torbay,CA,47.6666,-52.7314,43.39,79,75,20.71,broken clouds
551,Makubetsu,JP,45.3714,141.8211,20.34,86,100,1.45,overcast clouds
552,Wilmington,US,34.2257,-77.9447,69.98,44,0,8.05,clear sky
553,The Valley,AI,18.217,-63.0578,82.26,65,20,16.11,few clouds
554,Iquique,CL,-20.2208,-70.1431,73.53,63,49,8.55,scattered clouds
555,Goma,CD,-1.6792,29.2228,64.29,81,100,3.11,overcast clouds
556,Severomorsk,RU,69.0689,33.4162,21.6,96,100,9.22,light snow
557,Ust-Maya,RU,60.4167,134.5333,-35.32,100,85,0.65,overcast clouds
558,Kapoeta,SS,4.7717,33.5903,89.56,23,93,7.25,overcast clouds
559,Kismayo,SO,-0.3582,42.5454,77.4,82,1,17.29,clear sky
560,Mount Gambier,AU,-37.8333,140.7667,49.91,87,40,6.91,scattered clouds
561,Sanguem,IN,15.2333,74.1667,78.28,50,1,4.36,clear sky
562,Moron,AR,-34.6534,-58.6198,76.75,80,75,14.97,light rain
563,Nancha,CN,47.1333,129.2667,11.28,97,100,0.94,light snow
564,Bull Savanna,JM,17.8868,-77.5902,78.71,71,55,13.58,broken clouds
565,Luderitz,NA,-26.6481,15.1594,79.27,59,100,14.58,overcast clouds
566,Senanga,ZM,-16.1167,23.2667,66.92,95,100,5.99,light rain
567,Plettenberg Bay,ZA,-34.0527,23.3716,65.66,80,0,1.92,clear sky
568,Tambacounda,SN,13.7539,-13.7586,95.05,9,0,14.97,clear sky
569,El Oro,MX,26.8667,-105.85,57.85,17,0,2.59,clear sky
570,Olinda,BR,-8.0089,-34.8553,85.73,66,40,12.66,scattered clouds
571,Ipatovo,RU,45.7181,42.9036,37.65,89,25,9.75,scattered clouds
572,Kerman,IR,30.2832,57.0788,44.46,15,0,0.0,clear sky
573,Hualmay,PE,-11.0964,-77.6139,75.6,69,29,12.44,scattered clouds
574,Gimli,CA,50.6336,-96.9907,-10.57,53,8,17.27,clear sky
575,Harper,LR,4.375,-7.7169,80.69,77,48,9.26,scattered clouds
576,Nara,JP,34.6851,135.8049,38.97,62,64,1.19,broken clouds
577,Avera,US,33.194,-82.5271,70.92,36,91,10.54,overcast clouds
578,Sumenep,ID,-7.0167,113.8667,75.42,95,100,5.7,moderate rain
579,Tiarei,PF,-17.5333,-149.3333,84.22,77,25,17.58,scattered clouds
580,Kieta,PG,-6.2167,155.6333,77.97,86,100,2.3,light rain
581,Corinto,GR,37.9407,22.9573,54.68,79,0,1.01,clear sky
582,Natitingou,BJ,10.3042,1.3796,91.45,10,5,5.75,clear sky
583,Pandamatenga,BW,-18.5278,25.627,65.71,92,100,3.29,overcast clouds
584,Yining,CN,29.0361,114.5636,42.21,95,100,1.43,overcast clouds
585,Ulladulla,AU,-35.35,150.4667,64.09,88,91,11.27,overcast clouds
586,Maragogi,BR,-9.0122,-35.2225,84.67,64,100,16.11,overcast clouds
587,Karangasem,ID,-8.45,115.6167,77.88,84,100,6.62,light rain
588,Eureka,US,40.8021,-124.1637,63.57,75,0,1.01,clear sky
589,Bento Goncalves,BR,-29.1714,-51.5192,85.19,55,58,1.99,moderate rain
590,Kuytun,RU,54.3419,101.5036,-29.88,100,63,0.69,broken clouds
591,Suzano,BR,-23.5425,-46.3108,77.5,71,89,8.97,overcast clouds
592,Carutapera,BR,-1.195,-46.02,83.77,68,97,7.52,overcast clouds
593,Hillsborough,US,37.5741,-122.3794,74.86,55,0,1.01,clear sky
594,Dharchula,IN,29.85,80.5333,41.76,30,0,10.4,clear sky
595,Akhmim,EG,26.5622,31.745,55.65,39,0,7.63,clear sky
596,Acapulco,MX,16.8634,-99.8901,84.02,54,75,6.91,broken clouds
597,Belmonte,BR,-15.8631,-38.8828,84.7,65,1,8.95,clear sky
598,Mazamari,PE,-11.3258,-74.5308,91.06,42,77,3.6,broken clouds
599,Chadan,RU,51.2833,91.5833,-26.28,97,98,2.26,overcast clouds
600,Te Anau,NZ,-45.4167,167.7167,55.31,88,97,1.81,overcast clouds
601,Lubango,AO,-14.9172,13.4925,69.66,46,40,9.22,scattered clouds
602,Kamaishi,JP,39.2667,141.8833,31.24,84,69,3.62,broken clouds
603,Manta,EC,-0.95,-80.7333,82.18,74,40,6.91,scattered clouds
604,Bacolod,PH,10.6667,122.95,76.96,89,85,11.65,overcast clouds
605,Ojinaga,MX,29.5667,-104.4167,68.58,20,0,0.0,clear sky
606,Boone,US,39.0334,-92.3335,50.4,78,96,15.99,overcast clouds
607,Borgentreich,DE,51.5692,9.2411,37.54,88,88,4.12,overcast clouds
608,Bani,DO,18.2833,-70.3333,87.24,48,0,14.25,clear sky
609,Aras,ES,42.5617,-2.356,45.05,77,79,3.76,broken clouds
610,Le Port,RE,-20.9373,55.2919,77.0,76,14,2.08,few clouds
611,Mbini,GQ,1.574,9.6134,84.04,82,95,7.2,overcast clouds
612,Krasnoselkup,RU,65.7,82.4667,-17.82,97,11,6.96,few clouds
613,Ploemeur,FR,47.7333,-3.4333,45.82,82,0,2.3,clear sky
614,Tessalit,ML,20.1986,1.0114,71.67,12,1,8.03,clear sky
615,Saint-Nazaire,FR,47.2833,-2.2,44.87,77,0,5.75,clear sky
616,Haicheng,CN,40.8516,122.7475,23.85,57,100,7.36,overcast clouds
617,Salina Cruz,MX,16.1667,-95.2,87.15,46,0,13.13,clear sky
618,Iquitos,PE,-3.7481,-73.2472,89.64,62,75,3.44,broken clouds
619,Urut,AM,41.0714,44.3964,20.16,74,5,1.39,clear sky
620,Chastyye,RU,57.2888,54.9728,16.38,97,100,3.65,snow
621,Konstantinovka,RU,49.6167,127.9833,4.32,96,100,9.15,light snow
622,Flinders,AU,-34.5833,150.8552,70.21,87,100,5.99,light rain
623,Acari,PE,-15.4311,-74.6158,81.66,55,17,12.19,few clouds
624,Yumbel,CL,-37.0833,-72.5667,86.25,10,0,9.06,clear sky
625,Lazaro Cardenas,MX,17.9583,-102.2,84.31,33,5,8.32,clear sky
626,Tromso,NO,69.6496,18.957,25.45,81,100,1.01,overcast clouds
627,Tazovskiy,RU,67.4667,78.7,-3.87,80,93,14.5,overcast clouds
628,Kalmunai,LK,7.4167,81.8167,77.68,87,100,4.61,overcast clouds
629,Nizwa,OM,22.9333,57.5333,65.26,43,0,7.45,clear sky
630,Derzhavinsk,KZ,51.1,66.3167,24.8,96,100,19.13,snow
631,Nehe,CN,48.4833,124.8333,-4.16,99,89,5.97,overcast clouds
632,San Pedro,PH,14.35,121.0167,78.03,76,20,5.75,few clouds
633,Alice Springs,AU,-23.7,133.8833,63.95,77,0,0.0,clear sky
634,Waharoa,NZ,-37.7667,175.7667,75.33,98,100,4.27,overcast clouds
635,Henties Bay,NA,-22.116,14.2845,71.85,82,54,2.59,broken clouds
636,Sosva,RU,59.1766,61.8558,9.12,94,100,9.71,light snow
637,Dhidhdhoo,MV,6.8833,73.1,81.73,71,100,5.64,overcast clouds
638,Kloulklubed,PW,7.0419,134.2556,82.0,76,15,15.97,few clouds
639,Tucuman,AR,-26.8241,-65.2226,75.2,69,100,12.66,overcast clouds
640,Alekseyevsk,RU,57.8406,108.3492,-26.77,100,63,1.36,broken clouds
641,Cairns,AU,-16.9167,145.7667,73.35,93,9,2.3,clear sky
642,Lethem,GY,3.3803,-59.7968,99.37,25,39,10.76,scattered clouds
643,Basco,PH,20.4487,121.9702,75.72,79,100,19.28,overcast clouds
644,Suna,RU,57.8338,50.0588,23.29,96,100,6.13,snow
645,Santa Cruz,BO,-17.8,-63.1667,90.86,55,75,14.97,broken clouds
646,Krutikha,RU,53.9599,81.2093,-18.11,100,91,1.12,overcast clouds
647,Koson,UZ,39.0375,65.585,53.92,52,100,10.13,overcast clouds
648,Penzance,GB,50.1186,-5.5371,47.08,66,100,19.35,overcast clouds
649,Samarai,PG,-10.6167,150.6667,80.64,64,61,13.56,broken clouds
650,Aklavik,CA,68.2191,-135.0107,-22.97,75,20,2.3,few clouds
651,Parabel,RU,58.6978,81.4825,-14.64,100,61,4.72,broken clouds
652,Merrill,US,45.1805,-89.6835,31.77,71,100,16.11,overcast clouds
653,Mahibadhoo,MV,3.7833,72.9667,81.68,69,89,4.72,overcast clouds
654,Rosamorada,MX,22.1222,-105.2058,85.39,19,0,5.97,clear sky
655,Djougou,BJ,9.7085,1.666,91.51,9,6,5.3,clear sky
656,Houma,US,29.5958,-90.7195,71.01,39,0,4.61,clear sky
657,Fare,PF,-16.7,-151.0167,81.34,73,33,14.94,scattered clouds
658,Jati,PK,24.3539,68.2671,67.78,45,1,6.4,clear sky
659,Kununurra,AU,-15.7667,128.7333,78.78,94,15,0.0,few clouds
660,Lebanon,US,36.2081,-86.2911,69.13,31,0,20.71,clear sky
661,Vardo,NO,70.3705,31.1107,30.18,86,40,19.57,scattered clouds
662,Polewali,ID,-3.4324,119.3435,75.6,90,100,3.44,overcast clouds
663,Bolobo,CD,-2.1667,16.2333,77.52,70,96,2.26,overcast clouds
664,Carbonia,IT,39.1672,8.5222,50.95,78,49,5.3,scattered clouds
665,Saravan,AM,39.7196,45.6483,23.65,90,66,5.82,broken clouds
666,Bouillante,GP,16.1304,-61.7692,81.37,63,36,14.47,scattered clouds
667,Nemuro,JP,43.3236,145.575,23.0,75,82,8.21,broken clouds
668,Zhangye,CN,38.9342,100.4517,23.31,66,16,8.19,few clouds
669,Port Lincoln,AU,-34.7333,135.8667,64.04,76,0,14.56,clear sky
670,Aswan,EG,24.0934,32.907,58.73,30,0,10.09,clear sky
671,Santo Andre,BR,-23.6639,-46.5383,75.13,76,100,14.97,overcast clouds
672,Namtsy,RU,62.7161,129.6658,-34.49,100,36,3.18,scattered clouds
673,Half Moon Bay,US,37.4636,-122.4286,75.45,55,0,4.18,clear sky
674,Antalaha,MG,-14.9003,50.2788,75.88,87,13,8.01,few clouds
675,Nhulunbuy,AU,-12.2333,136.7667,79.41,89,77,6.91,broken clouds
676,Chokwe,MZ,-24.5333,32.9833,75.34,73,0,10.47,clear sky
677,Deputatskiy,RU,69.3,139.9,-17.36,96,94,5.59,overcast clouds
678,Yangjiang,CN,21.85,111.9667,62.94,94,60,4.43,broken clouds
679,Chernyshevskiy,RU,63.0128,112.4714,-9.8,100,100,2.19,overcast clouds
680,Amudat,UG,1.95,34.95,77.32,33,35,8.16,scattered clouds
681,Mulege,MX,26.8833,-111.9833,74.95,20,0,5.64,clear sky
682,Rafraf,TN,37.1904,10.1837,52.12,74,100,8.48,overcast clouds
683,Aguimes,ES,27.9054,-15.4461,70.43,49,0,8.05,clear sky
684,Tokur,RU,53.1333,132.9,-14.26,100,100,3.18,overcast clouds
685,Fredericksburg,US,38.3032,-77.4605,68.65,27,0,17.27,clear sky
686,Zigong,CN,29.3416,104.7769,48.18,69,100,2.24,overcast clouds
687,Jidong,CN,45.2167,131.0833,9.95,93,98,5.91,overcast clouds
688,Raudeberg,NO,61.9875,5.1352,38.07,94,100,8.99,overcast clouds
689,Constitucion,CL,-35.3333,-72.4167,70.34,43,0,16.15,clear sky
690,Churapcha,RU,62.0025,132.4325,-38.52,100,86,3.24,overcast clouds
691,Lillooet,CA,50.6856,-121.942,50.23,58,100,0.76,overcast clouds
692,Villingen-Schwenningen,DE,48.0667,8.45,34.02,89,8,1.99,clear sky
693,Ligayan,PH,4.6533,119.4706,80.73,76,100,2.37,overcast clouds
694,Abalak,RU,58.1286,68.5944,-2.87,92,78,12.01,broken clouds
695,Imbituba,BR,-28.24,-48.6703,84.81,65,0,14.38,clear sky
696,Hayrabolu,TR,41.2131,27.1069,36.86,81,0,5.21,clear sky
697,Aitape,PG,-3.1374,142.3475,77.88,88,100,5.88,moderate rain
698,Horasan,TR,40.0458,42.1728,2.77,86,30,1.21,scattered clouds
699,Rorvik,NO,64.8621,11.2373,33.91,75,40,24.16,scattered clouds
